,timing,ERSP
0,Day1_pre,3.5371311619399832
1,Day1_post,-6.014855220223719
2,Day2_post,-13.438360362536718
3,Day3_post,1.8682139852827184
