,block,ERSP
0,b1,-74.08133548257543
1,b2,-41.400169587069726
2,b3,-33.97504310083882
3,b4,-4.6281978307233995
4,b5,-2.9415160465712176
5,b1,-72.80945015856801
6,b2,-77.0544054935867
7,b3,-83.43984596442041
8,b4,-82.63517139387122
9,b5,-72.27665148270239
10,b1,-32.0551405868401
11,b2,-79.11174252405873
12,b3,-88.49982154801675
13,b4,-82.708297395905
14,b5,-64.02648387072465
