,timing,ERSP
0,Day1_pre,0.4747530814392962
1,Day1_post,-3.040719423441608
2,Day2_post,7.564062181738148
3,Day3_post,-0.2984215707959943
