,Left,right
0,344460.1770262042,131976.96132483621
