,Left,right
0,1504482.2850823372,90199.75566150714
