,Left,right
0,169774.7696082546,155295.6021327876
