,block,hand,ERD,steps,RT
0,0,left,131221503.36332996,125,1.3879635884004529
1,0,right,inf,125,0.452002093232295
