,Left,right
0,76083.35603915658,87420.84541138395
