,pid,condition,timing,trial,hand,PTime
0,P07,control,pre,0,right,20.85629194601961
1,P07,control,pre,0,left,21.809682044336114
2,P07,control,pre,1,right,19.4347179070935
3,P07,control,pre,1,left,20.817560168034788
4,P07,control,pre,2,right,17.730418934463387
5,P07,control,pre,2,left,18.79311680208002
6,P07,control,pre,3,right,18.930882650929107
7,P07,control,pre,3,left,20.73205033081831
8,P07,control,pre,4,right,16.71811776927325
9,P07,control,pre,4,left,19.442541638145713
