,pid,condition,timing,trial,hand,PTime
0,P08,control,pre,0,right,16.40969039475749
1,P08,control,pre,0,left,17.209852959822456
2,P08,control,pre,1,right,15.954776727761782
3,P08,control,pre,1,left,17.217215119468165
4,P08,control,pre,2,right,15.708372675431747
5,P08,control,pre,2,left,18.303401034303533
6,P08,control,pre,3,right,16.03096512090997
7,P08,control,pre,3,left,18.358200093694904
8,P08,control,pre,4,right,16.21391019161092
9,P08,control,pre,4,left,17.106041912215005
