,pid,condition,timing,trial,hand,PTime
0,P13,control,pre,0,right,25.27350969836698
1,P13,control,pre,0,left,20.443205628034775
2,P13,control,pre,1,right,20.305016459533363
3,P13,control,pre,1,left,22.154803447119775
4,P13,control,pre,2,right,19.347839193811524
5,P13,control,pre,2,left,19.837572386299144
6,P13,control,pre,3,right,21.585376186587382
7,P13,control,pre,3,left,20.3389804669132
8,P13,control,pre,4,right,20.18846829481481
9,P13,control,pre,4,left,20.720716634881683
