,pid,condition,timing,trial,hand,PTime
0,P14,control,pre,0,right,20.34550184130785
1,P14,control,pre,0,left,19.973899946606252
2,P14,control,pre,1,right,17.417892736120848
3,P14,control,pre,1,left,18.627453511508065
4,P14,control,pre,2,right,17.840828668457107
5,P14,control,pre,2,left,16.76374276711431
6,P14,control,pre,3,right,17.502336969482712
7,P14,control,pre,3,left,17.65258713743242
8,P14,control,pre,4,right,16.642558585110237
9,P14,control,pre,4,left,17.53002398640092
