,pid,condition,timing,trial,hand,PTime
0,P15,control,pre,0,right,20.76011407142596
1,P15,control,pre,0,left,19.38042169655364
2,P15,control,pre,1,right,17.366856849552278
3,P15,control,pre,1,left,17.21469253766736
4,P15,control,pre,2,right,18.58982971641126
5,P15,control,pre,2,left,17.54985990052228
6,P15,control,pre,3,right,16.3142821026986
7,P15,control,pre,3,left,17.128179817631462
8,P15,control,pre,4,right,16.86748753660504
9,P15,control,pre,4,left,16.998989521746807
