,pid,condition,timing,trial,hand,PTime
0,P17,control,pre,0,right,21.0878216256242
1,P17,control,pre,0,left,21.803233225204167
2,P17,control,pre,1,right,18.638997504065628
3,P17,control,pre,1,left,19.292254708023393
4,P17,control,pre,2,right,17.84821408051357
5,P17,control,pre,2,left,19.05201245364151
6,P17,control,pre,3,right,17.08887960211723
7,P17,control,pre,3,left,20.290033800090896
8,P17,control,pre,4,right,17.93555421574274
9,P17,control,pre,4,left,18.74146609035961
