,PTime,Unnamed: 0,hand,timing,trial
0,6.333515663754042,0.0,Right,pre,0
1,4.7828456186116455,1.0,Left,pre,0
0,1.8674388896233722,,Left,pre,0
1,0.9882649690025573,,Right,pre,0
