,Left,right
0,8745.290102387044,159360.99130801306
