,Left,right
0,126336.81304705003,264689.4091931097
