,block,hand,ERD,steps
0,0,right,23.6039861599431,1000
1,0,left,-96.90795796580313,125
