,pid,condition,timing,block,hand,RT
0,sha2,discrete,pre,0,right,0.5080798040326044
1,sha2,discrete,pre,0,left,0.3545755933882901
0,sha2,discrete,Day1,0,left,33.55135761468955
1,sha2,discrete,Day1,0,right,0.3999222414386168
0,sha2,discrete,Day2,0,right,36.47785815382667
1,sha2,discrete,Day2,0,left,1.9238418092099887
0,sha2,discrete,Day3,0,right,19.85584635214764
1,sha2,discrete,Day3,0,left,2.633612766196165
