,block,hand,ERD,steps
0,0,right,-58.8947337413138,1375
1,0,left,-35.0926732792228,625
