,Left,right
0,1493205.033363578,1030114.1483804494
