,Left,right
0,78020.29410537025,861599.7103184548
