,block,hand,RT
0,0,left,0.9176410742784356
1,0,right,0.4729266242902668
0,1,left,0.7523551642007078
1,1,right,0.489545882513994
