,timing,block,hand,RT
0,pre,0,right,0.905010064563612
1,pre,0,left,6.727246714892317
0,Day1,0,left,24.453294492357607
1,Day1,0,right,0.4097696163207729
0,Day2,0,right,13.377239724282846
1,Day2,0,left,13.722840907132197
0,Day3,0,left,5.2663276699822745
1,Day3,0,right,12.513220296132204
