,Left,right
0,144416.97525600818,733427.4773860094
