,Left,right
0,814518.6471135595,130284.26324722217
