,block,hand,RT
0,0,left,0.4228987767774015
1,0,right,0.7482676701474702
