,counter,C4,C3
0,1.0,1971.170081579329,129933.76745135116
1,1.0,2507.7427898432943,57863.76404565557
2,1.0,3424.4901933970314,117048.27638308343
3,1.0,3320.2866365931995,53434.10218153091
4,1.0,1880.9126614946454,34929.59790490926
