,day,block,trial,C4,C3
0,Day1,0,0,1248.5364347625648,1336.0897859929046
1,Day1,0,0,,
2,Day1,0,0,,
3,Day1,0,0,,
4,Day1,0,0,,
5,Day1,0,0,,
6,Day1,0,0,,
7,Day1,0,0,,
8,Day1,0,0,,
9,Day1,0,0,,
