,counter,C4,C3
0,1.0,720.4827196896582,722.4441110269261
1,1.0,913.7734441063019,935.9623876623693
2,1.0,639.7616005021,706.2890991106513
3,1.0,851.328429184007,628.4019350566799
4,1.0,833.764994459971,871.8911342308103
